,open,high,low,close,volume,Name
2014-09-24,44.14,45.05,43.92,44.84,872800,ALK
2014-09-25,44.57,44.73,43.71,43.72,947400,ALK
2014-09-26,43.82,44.54,43.6,44.42,970400,ALK
2014-09-29,43.79,44.32,43.55,43.85,1067000,ALK
2014-09-30,43.83,44.08,43.19,43.54,1353200,ALK
2014-10-01,43.14,43.17,42.21,42.74,1695600,ALK
2014-10-02,42.88,43.54,42.08,42.92,997100,ALK
2014-10-03,43.51,44.34,43.3202,44.15,975700,ALK
2014-10-06,44.48,44.6,43.47,43.49,671900,ALK
2014-10-07,43.15,43.65,42.643,42.8,1554400,ALK
2014-10-08,42.8,43.05,41.01,42.86,2582800,ALK
2014-10-09,43.25,43.95,42.53,42.68,2433900,ALK
2014-10-10,42.57,43.41,42.25,42.46,1956400,ALK
2014-10-13,42.36,43.14,41.52,41.58,2459600,ALK
2014-10-14,42.02,43.23,41.83,42.69,2024300,ALK
2014-10-15,41.78,43.13,40.69,41.99,3095900,ALK
2014-10-16,41.49,43.99,41.03,43.8,2136100,ALK
2014-10-17,44.51,45.04,44.28,44.7,1553300,ALK
2014-10-20,44.706,46.23,44.53,46.22,1941300,ALK
2014-10-21,46.89,48.1275,46.89,47.38,1845900,ALK
2014-10-22,47.64,47.84,46.69,46.77,1727700,ALK
2014-10-23,48.27,50.41,48.12,49.95,3616400,ALK
2014-10-24,49.21,50.26,48.95,50.2,1909800,ALK
2014-10-27,50.31,51.92,50.1,51.82,2342300,ALK
2014-10-28,52.06,53.08,51.6,52.79,2152800,ALK
2014-10-29,52.73,53.04,51.72,52.91,1559300,ALK
2014-10-30,51.96,52.62,51.59,52.14,1598700,ALK
2014-10-31,53.2,53.8,52.82,53.23,1501000,ALK
2014-11-03,53.22,54.48,53.11,54.43,1825400,ALK
2014-11-04,54.74,55.92,54.681,55.39,1492100,ALK
2014-11-05,55.97,55.99,53.86,53.97,1883000,ALK
2014-11-06,54.65,55.75,54.44,55.4,1219000,ALK
2014-11-07,55.4,55.96,54.9,55.14,1175300,ALK
2014-11-10,55.0521,56.4,54.71,56.32,1028400,ALK
2014-11-11,56.5,56.823,55.8,56.14,770900,ALK
2014-11-12,55.87,56.24,55.24,56.17,879600,ALK
2014-11-13,56.3356,56.94,55.88,56.24,1062800,ALK
2014-11-14,56.01,56.25,55.3,55.34,1244000,ALK
2014-11-17,55.22,55.725,54.67,54.86,1529400,ALK
2014-11-18,54.91,56.16,54.89,55.86,1186700,ALK
2014-11-19,55.5,55.7507,54.58,54.8,1669900,ALK
2014-11-20,54.35,54.91,53.69,54.24,1321900,ALK
2014-11-21,54.61,54.71,53.31,54.5,1253300,ALK
2014-11-24,54.93,55.58,54.8014,55.33,1015100,ALK
2014-11-25,55.1,56.14,55.0211,55.91,1055600,ALK
2014-11-26,56.0,56.44,55.85,56.2,740000,ALK
2014-11-28,58.1117,59.97,58.02,59.03,1212300,ALK
2014-12-01,58.53,58.54,55.33,55.41,2674600,ALK
2014-12-02,55.18,56.21,54.67,55.25,2064200,ALK
2014-12-03,55.38,56.83,55.275,56.76,1564200,ALK
2014-12-04,58.03,58.76,56.48,56.74,2184800,ALK
2014-12-05,57.21,57.94,57.1,57.26,1235000,ALK
2014-12-08,57.39,58.25,57.18,57.44,1173800,ALK
2014-12-09,56.12,56.5,55.06,56.4,1525700,ALK
2014-12-10,56.97,57.45,55.15,55.19,1486300,ALK
2014-12-11,55.8,56.14,55.32,55.97,1683800,ALK
2014-12-12,56.63,56.98,55.5,55.81,1610200,ALK
2014-12-15,56.27,58.0,55.81,57.65,1965900,ALK
2014-12-16,57.72,57.943,55.66,55.68,2090700,ALK
2014-12-17,55.73,56.55,54.54,56.03,1635700,ALK
2014-12-18,56.25,56.62,55.42,56.34,1125300,ALK
2014-12-19,56.1944,56.63,55.53,56.16,1831800,ALK
2014-12-22,56.56,57.75,56.56,56.73,767200,ALK
2014-12-23,57.23,57.345,56.42,56.75,764600,ALK
2014-12-24,57.24,58.839,57.24,58.72,629800,ALK
2014-12-26,58.7549,59.48,58.56,59.02,706300,ALK
2014-12-29,58.83,59.95,58.56,59.73,839600,ALK
2014-12-30,59.74,60.505,59.47,59.77,833700,ALK
2014-12-31,60.26,60.94,59.76,59.76,902400,ALK
2015-01-02,60.54,60.856,59.47,60.33,1199600,ALK
2015-01-05,60.81,60.87,59.19,59.47,1288800,ALK
2015-01-06,59.78,60.29,57.71,58.77,1511700,ALK
2015-01-07,59.06,60.0,58.81,59.67,1039600,ALK
2015-01-08,60.0,61.455,59.69,60.7,1697500,ALK
2015-01-09,60.65,60.79,59.71,59.73,986900,ALK
2015-01-12,60.67,61.13,59.73,60.61,1100000,ALK
2015-01-13,61.53,62.9865,60.581,61.41,1687200,ALK
2015-01-14,60.63,61.999,60.1919,61.54,1557200,ALK
2015-01-15,61.69,62.1,60.6,61.47,1619300,ALK
2015-01-16,61.09,62.42,60.56,62.35,1618600,ALK
2015-01-20,63.4,64.81,63.11,64.6,1521200,ALK
2015-01-21,64.4,65.2,63.77,64.98,2314800,ALK
2015-01-22,66.9,67.997,64.55,67.94,2833200,ALK
2015-01-23,68.1,69.9,67.7016,68.65,1883200,ALK
2015-01-26,68.77,70.51,68.65,70.44,2396600,ALK
2015-01-27,69.37,70.78,68.94,69.7,1536800,ALK
2015-01-28,70.5,70.55,68.42,68.7,1220500,ALK
2015-01-29,68.8,71.4,68.42,71.07,1966700,ALK
2015-01-30,70.37,70.868,67.26,67.87,2236800,ALK
2015-02-02,67.7,68.0,65.4286,67.32,2284100,ALK
2015-02-03,66.0,66.385,64.09,65.18,2928500,ALK
2015-02-04,65.96,67.2,65.84,66.7,1823000,ALK
2015-02-05,66.8027,66.94,65.02,66.82,1354300,ALK
2015-02-06,66.57,66.9407,65.67,65.92,1570000,ALK
2015-02-09,65.15,65.15,62.53,63.51,2120500,ALK
2015-02-10,64.19,65.49,63.68,65.37,1965200,ALK
2015-02-11,65.9019,66.43,64.39,64.51,1560900,ALK
2015-02-12,63.5718,63.59,61.72,62.75,2822200,ALK
2015-02-13,62.16,62.6005,61.35,62.56,1697700,ALK
2015-02-17,62.61,63.35,62.11,62.23,1200800,ALK
2015-02-18,63.12,63.88,62.06,63.83,1565000,ALK
2015-02-19,65.18,65.18,62.77,62.94,2091000,ALK
2015-02-20,62.76,64.15,62.4,64.14,1049600,ALK
2015-02-23,65.01,65.04,63.53,64.14,1247900,ALK
2015-02-24,63.54,64.52,62.4,64.43,1301500,ALK
2015-02-25,64.24,64.68,63.34,63.44,1216400,ALK
2015-02-26,64.12,64.1985,63.01,63.98,1225400,ALK
2015-02-27,64.48,64.6,63.59,63.65,1944400,ALK
2015-03-02,64.4,65.53,64.32,65.44,1850400,ALK
2015-03-03,65.0,66.2,64.81,66.16,1629000,ALK
2015-03-04,65.68,66.0096,64.85,65.77,1313800,ALK
2015-03-05,65.75,65.97,64.51,64.64,1118400,ALK
2015-03-06,64.33,64.64,63.57,63.73,948700,ALK
2015-03-09,63.72,64.49,63.57,63.98,1004200,ALK
2015-03-10,63.98,64.5558,63.4,64.17,1226000,ALK
2015-03-11,64.01,65.32,63.6,65.08,1109300,ALK
2015-03-12,65.06,67.2798,65.015,67.11,1339600,ALK
2015-03-13,67.25,67.86,66.24,66.66,932400,ALK
2015-03-16,67.51,67.99,67.16,67.57,1027700,ALK
2015-03-17,67.51,69.0,67.51,68.8,1473800,ALK
2015-03-18,68.92,69.42,67.48,67.97,1267600,ALK
2015-03-19,68.46,68.93,67.68,68.35,835200,ALK
2015-03-20,68.628,68.75,67.63,68.68,1790800,ALK
2015-03-23,68.68,69.0,67.49,67.49,1173500,ALK
2015-03-24,67.2,67.222,66.28,66.98,1127400,ALK
2015-03-25,66.89,66.99,64.36,64.6,1346400,ALK
2015-03-26,63.92,64.82,62.77,64.61,1622200,ALK
2015-03-27,64.93,65.953,64.82,65.59,852400,ALK
2015-03-30,66.21,66.64,65.65,66.2,761200,ALK
2015-03-31,66.13,66.4771,65.28,66.18,929000,ALK
2015-04-01,65.33,65.59,63.526,64.0,1068600,ALK
2015-04-02,64.02,64.81,62.985,63.07,1220000,ALK
2015-04-06,61.95,63.0,61.539,62.4,1728400,ALK
2015-04-07,62.13,63.33,62.13,62.76,990900,ALK
2015-04-08,63.01,64.98,62.921,64.81,1219000,ALK
2015-04-09,64.96,65.58,63.67,64.15,1244500,ALK
2015-04-10,64.18,64.7677,63.87,63.94,804400,ALK
2015-04-13,63.76,65.02,63.15,63.33,1233200,ALK
2015-04-14,63.2,63.53,62.19,62.53,1175400,ALK
2015-04-15,63.2,63.7,62.01,62.02,1332100,ALK
2015-04-16,62.02,63.56,61.64,63.5,1599100,ALK
2015-04-17,62.9,63.71,62.85,62.97,1419700,ALK
2015-04-20,63.37,63.59,62.511,63.4,1115900,ALK
2015-04-21,63.75,65.0,63.6,64.93,990800,ALK
2015-04-22,64.94,65.0,63.6569,64.31,1280600,ALK
2015-04-23,63.65,66.855,63.3,66.34,1998800,ALK
2015-04-24,66.94,68.66,66.94,68.3,1530700,ALK
2015-04-27,68.22,68.68,67.15,67.4,1179800,ALK
2015-04-28,67.0007,67.19,65.58,66.47,816500,ALK
2015-04-29,66.15,66.5125,63.97,65.34,1193000,ALK
2015-04-30,64.91,65.65,63.84,64.06,1147700,ALK
2015-05-01,64.48,65.86,64.1943,65.3,795800,ALK
2015-05-04,65.5556,66.12,64.415,64.53,1118000,ALK
2015-05-05,63.4,63.82,62.9,62.97,999700,ALK
2015-05-06,62.5,63.74,62.15,63.24,1155200,ALK
2015-05-07,63.27,65.55,63.27,64.96,1049700,ALK
2015-05-08,65.86,66.79,65.73,66.27,1088100,ALK
2015-05-11,65.96,66.83,65.68,66.33,969600,ALK
2015-05-12,65.89,66.01,65.14,65.18,767400,ALK
2015-05-13,65.72,66.21,64.57,64.71,684400,ALK
2015-05-14,65.24,66.165,64.78,66.13,974800,ALK
2015-05-15,66.36,66.96,66.09,66.5,937900,ALK
2015-05-18,66.39,68.0,66.11,67.58,1247100,ALK
2015-05-19,67.87,68.27,66.65,66.99,1386800,ALK
2015-05-20,66.74,66.97,63.409,63.96,2179700,ALK
2015-05-21,64.09,64.8303,63.5,64.69,1277800,ALK
2015-05-22,64.89,65.24,64.0,64.4,850700,ALK
2015-05-26,64.44,64.83,62.19,62.37,1295500,ALK
2015-05-27,62.72,63.48,62.57,63.4,1224500,ALK
2015-05-28,63.49,64.05,63.12,63.74,1044000,ALK
2015-05-29,63.7,64.85,63.377,64.64,1489500,ALK
2015-06-01,65.01,66.3,64.5,66.09,1808500,ALK
2015-06-02,65.1,66.31,64.79,65.72,941200,ALK
2015-06-03,65.95,66.34,65.36,65.86,794700,ALK
2015-06-04,65.81,66.6563,65.03,65.51,966300,ALK
2015-06-05,65.48,65.975,64.855,65.66,946100,ALK
2015-06-08,65.02,65.685,62.31,62.53,1519800,ALK
2015-06-09,61.88,61.8851,58.15,60.65,3734600,ALK
2015-06-10,60.15,61.69,59.86,60.76,1568900,ALK
2015-06-11,60.89,62.12,60.76,61.82,1426700,ALK
2015-06-12,61.7185,63.77,61.605,63.5,1568300,ALK
2015-06-15,62.86,63.24,62.08,62.66,1128900,ALK
2015-06-16,62.6787,63.34,61.89,62.28,780400,ALK
2015-06-17,62.15,62.67,61.65,62.03,1232900,ALK
2015-06-18,62.61,64.37,62.61,63.99,1461200,ALK
2015-06-19,64.31,65.42,63.9097,64.65,4167400,ALK
2015-06-22,65.62,66.26,65.12,66.22,1732000,ALK
2015-06-23,67.07,67.48,66.43,66.52,1560400,ALK
2015-06-24,66.58,67.24,66.02,66.2,1153500,ALK
2015-06-25,66.67,67.15,65.42,65.43,1273500,ALK
2015-06-26,65.8,65.9,64.5,64.75,1872000,ALK
2015-06-29,64.29,65.6,63.8,63.86,1066600,ALK
2015-06-30,64.55,65.48,64.2,64.43,1332400,ALK
2015-07-01,65.55,65.64,62.59,64.3,1956600,ALK
2015-07-02,64.66,65.3062,63.82,65.01,1109000,ALK
2015-07-06,64.61,66.39,64.54,66.16,1331400,ALK
2015-07-07,66.25,67.63,65.7,67.44,1464900,ALK
2015-07-08,67.04,67.09,65.5,66.12,1324600,ALK
2015-07-09,67.07,67.22,66.44,66.54,922700,ALK
2015-07-10,68.01,70.69,67.8,70.55,2292100,ALK
2015-07-13,71.51,72.65,71.51,72.25,1438200,ALK
2015-07-14,71.96,73.7,71.46,73.62,1782500,ALK
2015-07-15,73.49,74.54,72.13,73.72,1741500,ALK
2015-07-16,73.9926,75.47,73.875,74.69,1555800,ALK
2015-07-17,74.99,75.35,74.32,74.77,1111500,ALK
2015-07-20,75.04,75.248,73.7,74.14,1355700,ALK
2015-07-21,74.22,75.0326,73.97,74.95,1155700,ALK
2015-07-22,74.46,75.88,74.46,75.83,1630700,ALK
2015-07-23,76.88,77.8,72.61,73.79,2246900,ALK
2015-07-24,74.4938,75.24,73.448,74.1,1551600,ALK
2015-07-27,73.39,73.55,72.55,73.02,1226900,ALK
2015-07-28,73.39,74.47,72.78,74.32,1540200,ALK
2015-07-29,74.36,75.0,73.36,74.78,1310300,ALK
2015-07-30,74.4,75.28,73.89,75.16,870000,ALK
2015-07-31,75.36,75.87,74.41,75.75,1186000,ALK
2015-08-03,76.14,78.32,76.01,78.02,1290500,ALK
2015-08-04,78.12,78.42,77.0,77.77,930000,ALK
2015-08-05,78.16,79.6081,77.79,79.03,1438800,ALK
2015-08-06,80.09,80.53,76.88,77.75,1061900,ALK
2015-08-07,77.6,78.37,77.021,77.99,667900,ALK
2015-08-10,78.63,79.62,78.22,78.63,928300,ALK
2015-08-11,78.24,80.28,78.165,79.96,1257200,ALK
2015-08-12,79.27,79.41,76.44,78.54,1165300,ALK
2015-08-13,78.48,80.24,78.03,79.29,1076700,ALK
2015-08-14,78.58,79.82,78.58,79.6,527200,ALK
2015-08-17,79.61,81.75,79.1,81.51,1060400,ALK
2015-08-18,81.5587,82.15,80.27,81.51,1116600,ALK
2015-08-19,80.7566,82.0,80.5,80.99,1376400,ALK
2015-08-20,80.04,80.558,78.702,79.01,1292300,ALK
2015-08-21,77.65,79.09,76.13,76.14,1751700,ALK
2015-08-24,70.03,75.7997,58.92,73.1,2515900,ALK
2015-08-25,75.8741,77.88,74.31,74.55,1716900,ALK
2015-08-26,76.08,76.67,73.13,76.32,1473100,ALK
2015-08-27,77.17,77.69,74.87,76.24,1395400,ALK
2015-08-28,76.2,76.847,75.28,75.81,1262100,ALK
2015-08-31,75.89,76.82,74.61,74.86,1339200,ALK
2015-09-01,73.65,75.41,73.65,74.8,1367000,ALK
2015-09-02,76.09,78.84,75.62,78.83,1430600,ALK
2015-09-03,78.9963,80.0,77.81,78.07,1248200,ALK
2015-09-04,77.16,79.85,77.04,78.58,1058200,ALK
2015-09-08,79.95,81.31,79.665,81.24,1350900,ALK
2015-09-09,82.0,82.4332,80.57,81.77,1439300,ALK
2015-09-10,82.09,82.7722,80.99,81.29,1147200,ALK
2015-09-11,80.85,81.998,80.75,81.87,878900,ALK
2015-09-14,81.81,82.43,80.55,80.74,1400400,ALK
2015-09-15,81.05,81.2,79.27,79.74,1589700,ALK
2015-09-16,79.6,80.64,78.39,79.13,1433400,ALK
2015-09-17,79.61,80.6,78.57,79.69,1294200,ALK
2015-09-18,78.82,79.82,78.49,78.74,3717800,ALK
2015-09-21,79.21,82.17,79.1,82.09,1951200,ALK
2015-09-22,80.84,81.7509,78.05,78.65,1439300,ALK
2015-09-23,78.65,80.28,78.65,80.07,1104000,ALK
2015-09-24,79.48,79.92,78.36,78.98,1193300,ALK
2015-09-25,79.84,81.28,79.26,80.7,1116700,ALK
2015-09-28,80.4133,80.58,77.45,78.11,1580400,ALK
2015-09-29,78.08,78.97,76.76,78.38,1082000,ALK
2015-09-30,79.07,80.145,78.32,79.45,1537800,ALK
2015-10-01,78.88,80.49,78.0,80.23,1230100,ALK
2015-10-02,79.02,79.37,77.21,79.26,1207900,ALK
2015-10-05,79.73,81.7,79.03,80.91,1408800,ALK
2015-10-06,80.55,80.82,74.44,74.53,2874800,ALK
2015-10-07,74.69,77.305,72.8906,75.97,2894600,ALK
2015-10-08,75.73,77.21,74.92,75.76,1413900,ALK
2015-10-09,75.16,77.765,75.16,75.92,2185000,ALK
2015-10-12,76.28,78.55,75.61,77.99,1651900,ALK
2015-10-13,76.77,77.38,73.89,73.92,2437100,ALK
2015-10-14,74.83,75.4,73.1156,73.45,1813200,ALK
2015-10-15,74.06,76.274,73.15,75.98,2057000,ALK
2015-10-16,75.9,75.95,74.53,75.83,1657700,ALK
2015-10-19,75.74,77.42,75.44,76.87,1401400,ALK
2015-10-20,76.85,77.48,75.82,76.49,1269600,ALK
2015-10-21,76.43,77.1802,74.68,74.73,1715400,ALK
2015-10-22,76.18,76.95,74.7452,75.97,1474000,ALK
2015-10-23,76.89,79.31,76.89,79.09,1687400,ALK
2015-10-26,78.76,79.89,78.33,79.16,1373100,ALK
2015-10-27,79.05,79.549,77.01,77.95,1364400,ALK
2015-10-28,78.21,78.47,74.47,75.19,2020300,ALK
2015-10-29,75.17,76.58,74.74,75.77,923700,ALK
2015-10-30,75.78,77.48,75.5,76.25,947200,ALK
2015-11-02,76.54,77.68,76.451,77.13,858200,ALK
2015-11-03,77.8,77.81,75.94,77.68,1379000,ALK
2015-11-04,77.68,77.87,76.71,77.41,1009300,ALK
2015-11-05,77.87,78.17,76.85,78.06,896200,ALK
2015-11-06,77.96,79.0,77.37,78.08,699400,ALK
2015-11-09,78.07,78.12,76.79,77.31,1262200,ALK
2015-11-10,76.98,78.6,76.9,78.57,964700,ALK
2015-11-11,78.89,78.96,77.468,77.57,690000,ALK
2015-11-12,77.53,77.99,76.621,76.68,955000,ALK
2015-11-13,76.5214,77.1,75.81,75.96,1054500,ALK
2015-11-16,75.38,76.88,74.82,76.85,1281700,ALK
2015-11-17,77.0,79.39,76.57,77.54,1540400,ALK
2015-11-18,77.56,78.32,76.6,78.09,1070100,ALK
2015-11-19,78.52,79.57,78.43,79.23,822900,ALK
2015-11-20,79.59,81.94,79.49,81.86,1331500,ALK
2015-11-23,81.95,82.21,80.29,80.41,1019500,ALK
2015-11-24,79.32,79.91,77.5,79.6,1164600,ALK
2015-11-25,80.01,80.31,79.02,79.61,669600,ALK
2015-11-27,79.81,80.611,79.02,79.76,451500,ALK
2015-11-30,79.77,80.37,79.03,79.73,1083200,ALK
2015-12-01,79.84,81.22,79.66,81.17,885400,ALK
2015-12-02,81.76,83.22,80.93,81.7,1238600,ALK
2015-12-03,82.15,82.64,80.32,80.55,1366300,ALK
2015-12-04,81.63,85.4406,81.5,84.91,1906900,ALK
2015-12-07,86.11,87.171,85.44,86.33,1782000,ALK
2015-12-08,85.7847,86.445,84.19,85.62,1650300,ALK
2015-12-09,85.15,86.5759,82.94,83.51,1578700,ALK
2015-12-10,84.45,85.5,84.142,84.36,1182400,ALK
2015-12-11,83.5,83.5,81.957,82.77,1539900,ALK
2015-12-14,82.99,83.48,80.86,82.15,1198800,ALK
2015-12-15,82.58,82.862,81.56,82.13,1196900,ALK
2015-12-16,82.59,83.05,81.0,82.75,1095300,ALK
2015-12-17,82.79,84.25,81.0,81.13,1050700,ALK
2015-12-18,80.97,82.29,79.9,79.95,1417100,ALK
2015-12-21,80.79,82.87,80.79,82.5,1129500,ALK
2015-12-22,81.78,81.97,79.62,81.72,1399400,ALK
2015-12-23,81.6,82.72,80.35,82.16,906800,ALK
2015-12-24,82.11,83.42,82.01,82.12,387200,ALK
2015-12-28,82.1263,82.87,81.03,82.42,606400,ALK
2015-12-29,82.55,83.27,82.31,82.77,614000,ALK
2015-12-30,82.77,82.774,81.302,81.44,599700,ALK
2015-12-31,81.0,81.45,79.8,80.51,817500,ALK
2016-01-04,79.16,79.29,77.33,78.4,1441300,ALK
2016-01-05,78.6005,79.17,76.558,77.09,1547000,ALK
2016-01-06,76.53,78.25,76.3,78.2,1387100,ALK
2016-01-07,76.57,77.19,72.88,73.99,1797200,ALK
2016-01-08,74.8938,74.89,70.25,70.38,2723500,ALK
2016-01-11,70.66,71.78,69.105,70.67,1969900,ALK
2016-01-12,71.16,71.88,69.4476,71.04,1364100,ALK
2016-01-13,71.13,71.43,67.25,67.66,1518700,ALK
2016-01-14,67.3344,69.9,66.09,68.75,1496500,ALK
2016-01-15,67.66,69.85,66.5,68.73,2050900,ALK
2016-01-19,69.42,69.74,66.64,67.05,2205100,ALK
2016-01-20,66.73,68.835,64.18,67.16,2789800,ALK
2016-01-21,68.61,72.79,67.85,72.61,3660600,ALK
2016-01-22,74.38,74.3789,71.8,72.86,2125700,ALK
2016-01-25,73.03,73.79,69.57,69.79,1701800,ALK
2016-01-26,70.15,71.36,68.87,71.33,1430100,ALK
2016-01-27,71.46,72.65,69.4208,70.02,1507000,ALK
2016-01-28,69.83,70.03,67.23,68.57,1458400,ALK
2016-01-29,68.13,70.4,67.61,70.4,1435700,ALK
2016-02-01,70.05,70.94,69.47,70.29,1443800,ALK
2016-02-02,69.99,70.29,67.82,67.96,1049300,ALK
2016-02-03,68.3,68.32,65.59,67.27,1256900,ALK
2016-02-04,67.11,69.17,67.1,68.91,1158500,ALK
2016-02-05,68.48,69.05,64.12,64.56,1705600,ALK
2016-02-08,63.36,64.345,61.58,63.06,1509600,ALK
2016-02-09,62.22,66.15,61.69,65.63,1766800,ALK
2016-02-10,66.84,67.93,66.21,66.84,1387000,ALK
2016-02-11,65.86,67.39,65.43,66.94,1246300,ALK
2016-02-12,67.84,68.75,66.16,68.44,1193600,ALK
2016-02-16,68.9,69.83,68.19,69.6,933600,ALK
2016-02-17,69.9,71.95,69.72,71.77,1136000,ALK
2016-02-18,72.0,72.38,70.93,72.32,1547000,ALK
2016-02-19,71.47,72.48,71.32,72.34,1195300,ALK
2016-02-22,73.1,73.7,71.8,72.39,1193400,ALK
2016-02-23,72.3051,73.03,71.59,72.74,905600,ALK
2016-02-24,72.32,73.7,71.0615,73.6,1026900,ALK
2016-02-25,73.68,75.0,73.21,74.91,998500,ALK
2016-02-26,75.0,75.51,73.62,74.57,968400,ALK
2016-02-29,74.09,74.57,73.85,73.9,1033700,ALK
2016-03-01,74.2,77.1,73.9579,77.07,1364700,ALK
2016-03-02,76.65,77.644,76.0052,77.26,1069900,ALK
2016-03-03,77.07,78.489,76.7239,78.25,1098500,ALK
2016-03-04,78.4494,78.45,76.8,77.67,1106700,ALK
2016-03-07,77.05,77.77,76.18,77.2,1124200,ALK
2016-03-08,76.04,77.36,75.08,76.4,1543100,ALK
2016-03-09,76.97,78.02,76.0587,77.32,822200,ALK
2016-03-10,77.39,77.81,75.15,76.39,1171700,ALK
2016-03-11,77.83,80.78,77.62,80.77,1735300,ALK
2016-03-14,80.24,80.7,79.2,79.79,1232600,ALK
2016-03-15,79.4,80.08,79.09,79.99,793900,ALK
2016-03-16,79.5,80.71,79.42,80.53,846400,ALK
2016-03-17,80.42,81.45,80.09,80.98,1109300,ALK
2016-03-18,80.7,83.0,80.55,82.03,1966300,ALK
2016-03-21,82.28,82.59,81.91,82.26,1098300,ALK
2016-03-22,81.2,82.48,81.03,82.03,694000,ALK
2016-03-23,81.8,82.04,80.56,81.12,1279200,ALK
2016-03-24,80.47,80.59,79.42,80.59,1159700,ALK
2016-03-28,80.52,82.9,80.04,81.49,1267900,ALK
2016-03-29,81.54,82.73,81.18,82.35,1196400,ALK
2016-03-30,82.5827,83.0,82.0,82.33,985800,ALK
2016-03-31,82.39,83.09,81.81,82.02,1102400,ALK
2016-04-01,81.26,82.08,80.428,82.01,1021400,ALK
2016-04-04,78.22,78.98,77.0106,78.92,6457100,ALK
2016-04-05,78.39,81.47,78.25,79.68,2760900,ALK
2016-04-06,79.96,80.1,78.29,79.64,1659300,ALK
2016-04-07,79.45,79.66,77.6845,78.28,1481100,ALK
2016-04-08,78.71,79.45,78.16,79.08,910900,ALK
2016-04-11,79.78,80.449,78.47,78.48,1423100,ALK
2016-04-12,78.88,79.89,78.75,79.25,977500,ALK
2016-04-13,80.03,82.0,79.73,81.87,1118500,ALK
2016-04-14,82.14,83.26,81.82,81.86,1153200,ALK
2016-04-15,81.85,82.55,81.33,82.38,1103900,ALK
2016-04-18,82.51,82.75,81.0,82.24,970400,ALK
2016-04-19,82.36,82.72,81.34,82.12,932200,ALK
2016-04-20,82.1,82.68,81.53,81.6,1206800,ALK
2016-04-21,81.43,82.09,78.785,79.38,1503900,ALK
2016-04-22,77.6958,78.21,75.73,76.81,2540600,ALK
2016-04-25,76.67,77.21,74.4,74.45,2335200,ALK
2016-04-26,74.57,75.48,73.08,74.35,1803100,ALK
2016-04-27,74.24,75.09,73.53,73.58,1357700,ALK
2016-04-28,73.5,73.585,71.83,72.01,1032700,ALK
2016-04-29,71.56,71.635,70.12,70.43,2065600,ALK
2016-05-02,70.56,71.0,70.28,70.53,1100200,ALK
2016-05-03,70.5,70.9,69.6,70.41,1408800,ALK
2016-05-04,69.68,69.89,68.9,69.1,1263100,ALK
2016-05-05,69.09,70.17,68.94,69.14,1249000,ALK
2016-05-06,68.68,69.02,67.2,68.51,1190400,ALK
2016-05-09,68.97,69.8,68.76,68.8,1278600,ALK
2016-05-10,69.31,69.87,68.8,69.33,935700,ALK
2016-05-11,68.7,69.42,67.41,67.6,3733300,ALK
2016-05-12,68.03,68.14,65.12,65.57,27347100,ALK
2016-05-13,65.72,67.14,65.5,66.26,2238100,ALK
2016-05-16,66.61,67.2,65.27,66.31,2451200,ALK
2016-05-17,66.39,67.28,65.1,65.44,2756600,ALK
2016-05-18,65.49,67.49,65.3,66.42,1734600,ALK
2016-05-19,66.06,66.58,64.43,65.39,1737400,ALK
2016-05-20,65.65,66.27,65.07,65.21,1131800,ALK
2016-05-23,65.54,66.04,65.18,65.34,1269800,ALK
2016-05-24,65.84,67.0,65.79,66.87,1724300,ALK
2016-05-25,66.85,68.0,66.73,66.91,1413800,ALK
2016-05-26,66.77,67.07,65.62,66.14,1347000,ALK
2016-05-27,66.29,67.09,66.16,66.82,1086700,ALK
2016-05-31,66.64,66.82,65.5591,66.4,1329700,ALK
2016-06-01,66.22,66.39,65.7,65.96,1859700,ALK
2016-06-02,65.59,66.51,65.51,65.94,1296100,ALK
2016-06-03,65.9,65.96,64.27,65.08,1672800,ALK
2016-06-06,64.9992,65.25,64.23,65.21,1453500,ALK
2016-06-07,65.0,66.79,65.0,66.33,1813200,ALK
2016-06-08,66.31,67.43,66.06,66.39,1553300,ALK
2016-06-09,66.39,67.95,66.39,67.5,2062500,ALK
2016-06-10,66.9,67.51,66.34,66.92,1117800,ALK
2016-06-13,66.31,66.477,64.22,64.29,1481900,ALK
2016-06-14,63.91,64.26,60.9981,61.52,2078500,ALK
2016-06-15,61.62,63.21,60.97,61.16,2381200,ALK
2016-06-16,60.74,61.18,60.03,60.37,1750200,ALK
2016-06-17,60.31,60.65,59.48,59.88,2438000,ALK
2016-06-20,60.53,60.7,59.32,59.48,1786800,ALK
2016-06-21,60.1111,61.43,59.79,60.46,1842700,ALK
2016-06-22,60.46,61.08,59.6,59.68,1331300,ALK
2016-06-23,60.35,60.469,58.74,59.14,1764500,ALK
2016-06-24,57.0207,58.235,56.29,56.49,3622400,ALK
2016-06-27,55.55,55.895,54.51,55.66,3100800,ALK
2016-06-28,56.55,56.92,55.33,56.71,1969300,ALK
2016-06-29,57.14,58.07,56.88,57.69,1878600,ALK
2016-06-30,57.95,58.29,57.2999,58.29,1792100,ALK
2016-07-01,58.24,59.06,58.05,58.74,1421500,ALK
2016-07-05,58.56,58.745,57.6042,58.63,1352300,ALK
2016-07-06,57.87,58.585,56.45,58.54,2203500,ALK
2016-07-07,58.37,59.935,58.31,59.47,1228500,ALK
2016-07-08,59.72,60.54,59.72,59.86,2276400,ALK
2016-07-11,60.17,60.725,59.9,60.16,1519400,ALK
2016-07-12,61.27,63.4519,61.19,63.25,2451400,ALK
2016-07-13,63.84,64.0,62.71,63.17,1772100,ALK
2016-07-14,63.71,64.89,63.29,64.86,2132100,ALK
2016-07-15,64.67,65.19,64.21,65.04,2810000,ALK
2016-07-18,64.92,65.45,64.184,64.24,1430600,ALK
2016-07-19,63.84,64.115,63.1561,63.87,1253200,ALK
2016-07-20,64.03,64.21,63.231,63.49,1918300,ALK
2016-07-21,62.95,65.53,61.61,64.71,2829200,ALK
2016-07-22,65.17,65.55,64.3,64.6,1784800,ALK
2016-07-25,65.65,66.15,65.01,65.4,1580600,ALK
2016-07-26,65.66,66.58,64.89,66.53,1535100,ALK
2016-07-27,67.8,68.01,67.01,67.87,2404700,ALK
2016-07-28,67.7,68.55,67.47,68.46,1845900,ALK
2016-07-29,68.44,68.8508,67.172,67.22,2003100,ALK
2016-08-01,67.35,67.68,66.65,67.65,1317600,ALK
2016-08-02,67.23,67.36,64.67,64.89,2138800,ALK
2016-08-03,64.65,65.568,64.5,65.1,1055400,ALK
2016-08-04,65.14,65.31,64.51,65.1,915600,ALK
2016-08-05,65.56,66.41,65.401,66.23,962200,ALK
2016-08-08,66.1,66.36,65.53,65.86,941000,ALK
2016-08-09,66.16,66.36,64.93,64.99,1032100,ALK
2016-08-10,64.96,65.06,64.25,64.84,958000,ALK
2016-08-11,65.53,66.61,65.47,66.11,1269700,ALK
2016-08-12,65.89,66.24,65.3307,65.38,577400,ALK
2016-08-15,65.54,66.46,65.05,66.12,814600,ALK
2016-08-16,65.69,66.4,65.36,66.0,819500,ALK
2016-08-17,65.97,67.37,65.78,67.35,1514200,ALK
2016-08-18,67.2,67.9113,66.73,67.7,2154300,ALK
2016-08-19,67.29,67.72,66.7036,67.07,1094600,ALK
2016-08-22,66.8,67.0738,66.355,66.86,789200,ALK
2016-08-23,67.14,67.88,66.95,67.35,839500,ALK
2016-08-24,67.18,68.3,67.18,67.92,840800,ALK
2016-08-25,67.72,68.48,67.6813,68.34,1027200,ALK
2016-08-26,68.19,68.33,67.01,67.27,956700,ALK
2016-08-29,67.31,67.62,66.96,67.04,901300,ALK
2016-08-30,67.12,68.329,66.73,67.55,1461600,ALK
2016-08-31,67.43,67.865,66.5,67.53,1122900,ALK
2016-09-01,67.81,68.44,67.08,67.26,915900,ALK
2016-09-02,67.26,68.25,67.26,68.21,692600,ALK
2016-09-06,68.25,69.01,68.02,69.0,1030000,ALK
2016-09-07,69.28,71.3,69.27,71.03,1738800,ALK
2016-09-08,70.86,71.63,70.78,71.32,1437900,ALK
2016-09-09,70.96,71.09,68.86,68.86,1359300,ALK
2016-09-12,68.35,70.0,67.69,69.79,1170800,ALK
2016-09-13,69.57,70.29,68.15,68.32,1381500,ALK
2016-09-14,68.25,68.44,66.53,66.65,1305500,ALK
2016-09-15,66.5814,67.4,65.96,66.81,1184700,ALK
2016-09-16,66.56,66.87,65.63,65.7,1140400,ALK
2016-09-19,65.8,66.57,65.56,65.69,1231800,ALK
2016-09-20,65.9,66.27,65.49,65.5,551100,ALK
2016-09-21,65.83,66.91,65.2508,66.7,1320900,ALK
2016-09-22,67.05,67.98,65.58,66.04,2125700,ALK
2016-09-23,65.7408,66.63,65.36,65.77,2330700,ALK
2016-09-26,65.62,65.69,64.19,64.6,1410300,ALK
2016-09-27,64.75,66.14,64.73,65.99,1118700,ALK
2016-09-28,66.29,67.7,66.03,66.2,1091100,ALK
2016-09-29,66.01,66.51,65.27,65.31,785000,ALK
2016-09-30,65.6,66.35,65.29,65.86,884100,ALK
2016-10-03,65.6,67.12,65.6,67.09,1041600,ALK
2016-10-04,68.42,69.62,68.0,68.71,1956100,ALK
2016-10-05,68.62,68.84,67.76,68.31,1010900,ALK
2016-10-06,68.38,69.1134,68.17,69.09,821400,ALK
2016-10-07,69.07,69.2,67.89,68.11,1197700,ALK
2016-10-10,68.29,69.94,68.17,69.91,846100,ALK
2016-10-11,70.0,70.24,69.11,69.33,1454200,ALK
2016-10-12,69.86,71.25,69.8631,70.43,2022000,ALK
2016-10-13,71.01,73.19,70.14,72.96,2156800,ALK
2016-10-14,73.18,73.699,71.7,72.31,1155900,ALK
2016-10-17,72.33,73.29,71.9,71.94,810300,ALK
2016-10-18,72.45,73.165,71.6,72.11,1098400,ALK
2016-10-19,72.04,73.52,71.78,73.46,1289700,ALK
2016-10-20,74.23,75.31,72.82,75.29,1623300,ALK
2016-10-21,74.33,75.05,73.87,74.56,1111300,ALK
2016-10-24,74.88,75.04,73.5011,73.61,779500,ALK
2016-10-25,73.42,73.99,72.32,72.4,1235100,ALK
2016-10-26,70.5,72.88,70.45,71.13,1546700,ALK
2016-10-27,71.47,72.27,70.6287,71.12,895300,ALK
2016-10-28,71.22,72.4,71.07,71.78,721500,ALK
2016-10-31,72.08,72.31,71.44,72.22,679800,ALK
2016-11-01,72.24,72.845,70.66,71.43,736400,ALK
2016-11-02,71.55,72.94,70.91,70.96,1027700,ALK
2016-11-03,70.96,71.23,69.57,69.66,884600,ALK
2016-11-04,69.699,71.045,69.12,70.26,1161100,ALK
2016-11-07,71.38,72.59,70.875,72.57,1119900,ALK
2016-11-08,72.46,73.1,71.77,72.71,839500,ALK
2016-11-09,71.24,73.62,70.87,73.18,859900,ALK
2016-11-10,73.34,75.42,73.29,74.97,1519400,ALK
2016-11-11,74.52,75.33,74.14,75.23,759500,ALK
2016-11-14,75.71,78.1,75.6,77.83,1269000,ALK
2016-11-15,79.21,80.4,77.65,78.24,1249600,ALK
2016-11-16,78.0,78.29,77.31,77.77,860600,ALK
2016-11-17,77.66,78.9,77.48,78.85,679900,ALK
2016-11-18,78.49,82.15,77.9039,79.47,959800,ALK
2016-11-21,79.5,79.57,78.7301,78.78,796000,ALK
2016-11-22,79.13,81.86,79.09,81.53,1464500,ALK
2016-11-23,81.47,83.0,80.511,82.96,1578200,ALK
2016-11-25,83.0,83.38,82.46,82.75,421900,ALK
2016-11-28,82.34,83.2,81.81,82.43,1003100,ALK
2016-11-29,82.47,83.47,82.1,82.78,705600,ALK
2016-11-30,81.42,83.26,80.0,82.27,1742800,ALK
2016-12-01,81.9,83.67,80.72,82.86,1321300,ALK
2016-12-02,83.0,84.93,82.59,84.83,1808700,ALK
2016-12-05,84.98,85.08,82.13,83.12,1964100,ALK
2016-12-06,83.21,84.88,82.82,84.8,1539600,ALK
2016-12-07,84.7125,88.12,84.52,87.67,1821000,ALK
2016-12-08,87.56,89.46,86.4969,88.55,1555200,ALK
2016-12-09,88.89,90.27,88.89,89.77,1329000,ALK
2016-12-12,89.05,89.23,86.27,86.73,1274900,ALK
2016-12-13,87.01,88.82,86.56,86.87,1249900,ALK
2016-12-14,86.66,87.89,86.21,86.38,1033100,ALK
2016-12-15,87.26,91.62,87.096,90.12,1745800,ALK
2016-12-16,90.79,91.53,88.72,88.73,2476300,ALK
2016-12-19,88.92,90.68,88.9138,90.33,1094000,ALK
2016-12-20,90.64,91.89,90.26,91.56,884100,ALK
2016-12-21,91.26,91.5868,90.05,91.12,899500,ALK
2016-12-22,91.22,91.335,88.75,89.1,1099600,ALK
2016-12-23,89.38,90.47,89.36,90.43,794500,ALK
2016-12-27,90.87,91.365,90.13,90.54,654700,ALK
2016-12-28,90.44,91.02,88.64,88.69,666000,ALK
2016-12-29,88.71,89.36,87.84,88.53,770500,ALK
2016-12-30,88.74,89.14,88.02,88.73,931000,ALK
2017-01-03,88.92,91.0,87.91,88.0,1387500,ALK
2017-01-04,87.55,89.43,86.64,89.18,1362900,ALK
2017-01-05,89.16,89.73,87.5,87.76,1499700,ALK
2017-01-06,87.61,87.69,86.2953,86.98,929700,ALK
2017-01-09,86.78,88.35,86.22,87.47,1287200,ALK
2017-01-10,88.46,92.49,88.46,92.0,2126500,ALK
2017-01-11,92.8,94.795,91.78,93.8,2537800,ALK
2017-01-12,93.22,93.97,91.64,93.26,1524900,ALK
2017-01-13,93.3,94.4,93.09,94.32,833300,ALK
2017-01-17,94.0,94.8,92.68,93.41,1092900,ALK
2017-01-18,92.49,93.48,91.7496,92.93,1829100,ALK
2017-01-19,93.29,94.7004,93.23,94.22,1505000,ALK
2017-01-20,94.29,94.73,93.8,94.71,1318800,ALK
2017-01-23,94.38,94.8,92.6935,93.07,926100,ALK
2017-01-24,93.01,93.85,92.541,92.86,868600,ALK
2017-01-25,93.55,94.1749,93.07,93.38,700300,ALK
2017-01-26,93.75,96.03,93.52,95.9,1266400,ALK
2017-01-27,96.05,96.27,95.0,95.13,1566800,ALK
2017-01-30,94.06,94.305,92.22,94.16,1173600,ALK
2017-01-31,93.68,94.0,92.87,93.82,932500,ALK
2017-02-01,93.83,94.68,93.03,93.63,830200,ALK
2017-02-02,92.94,94.65,92.36,94.53,1174700,ALK
2017-02-03,94.67,95.34,93.55,94.09,933000,ALK
2017-02-06,94.75,95.79,94.31,95.12,864000,ALK
2017-02-07,95.42,95.45,93.92,94.1,1572900,ALK
2017-02-08,95.1,98.8,94.9784,97.2,2683600,ALK
2017-02-09,97.08,98.89,95.12,98.41,2164000,ALK
2017-02-10,98.3641,98.828,97.16,97.35,1258000,ALK
2017-02-13,97.47,98.4,97.36,98.02,1077600,ALK
2017-02-14,98.119,98.3,95.66,96.3,1252300,ALK
2017-02-15,97.11,97.746,96.31,96.96,1449100,ALK
2017-02-16,96.99,97.2618,95.8,96.69,1296800,ALK
2017-02-17,96.12,96.69,95.31,96.6,910000,ALK
2017-02-21,96.34,97.1,95.91,96.61,1068200,ALK
2017-02-22,96.38,97.52,96.24,97.25,870900,ALK
2017-02-23,97.25,97.69,95.78,95.89,822100,ALK
2017-02-24,95.2,97.06,94.83,97.01,653800,ALK
2017-02-27,96.76,97.87,96.231,97.84,778800,ALK
2017-02-28,97.91,98.76,97.4,97.82,1163100,ALK
2017-03-01,98.04,101.43,98.04,100.24,1562400,ALK
2017-03-02,99.9155,100.09,96.22,96.36,1838200,ALK
2017-03-03,96.55,99.215,96.51,98.94,1535800,ALK
2017-03-06,98.47,98.81,95.53,96.63,1770100,ALK
2017-03-07,96.15,96.43,94.89,95.12,1235200,ALK
2017-03-08,95.27,95.99,94.18,95.2,1298500,ALK
2017-03-09,95.3935,96.33,94.48,94.78,1205000,ALK
2017-03-10,94.58,96.68,94.34,96.61,1217100,ALK
2017-03-13,96.33,98.3,96.17,96.58,1375500,ALK
2017-03-14,96.22,96.39,94.14,94.5,1132800,ALK
2017-03-15,93.11,95.9,92.33,95.36,1876100,ALK
2017-03-16,95.38,95.82,93.66,94.14,1396100,ALK
2017-03-17,94.55,94.59,93.27,93.36,1321300,ALK
2017-03-20,95.19,95.25,93.85,94.82,1498800,ALK
2017-03-21,95.4,95.4,92.01,92.11,1492900,ALK
2017-03-22,91.66,92.96,89.0,92.92,1678700,ALK
2017-03-23,92.99,95.235,92.36,94.05,1331300,ALK
2017-03-24,94.24,95.36,93.06,94.7,856900,ALK
2017-03-27,93.44,95.43,93.135,95.0,1063900,ALK
2017-03-28,94.97,97.06,94.73,96.33,1571800,ALK
2017-03-29,96.5,96.575,93.75,94.3,1317900,ALK
2017-03-30,94.36,94.93,93.4,93.66,2143600,ALK
2017-03-31,93.36,93.57,92.18,92.22,1856900,ALK
2017-04-03,92.42,92.57,90.7,92.37,1978900,ALK
2017-04-04,92.14,92.59,90.121,90.22,1278600,ALK
2017-04-05,90.81,91.42,89.97,90.05,1188500,ALK
2017-04-06,90.28,90.7078,89.09,89.43,1509700,ALK
2017-04-07,88.99,89.82,88.41,89.17,1277000,ALK
2017-04-10,88.99,90.05,88.8,89.04,1056800,ALK
2017-04-11,88.79,89.66,87.74,88.84,1314400,ALK
2017-04-12,89.6,90.0,88.265,88.66,1545300,ALK
2017-04-13,88.33,88.55,86.3,86.33,1577600,ALK
2017-04-17,86.59,87.135,86.12,86.91,984800,ALK
2017-04-18,86.97,87.66,85.75,86.53,1106300,ALK
2017-04-19,86.94,87.9438,86.58,87.19,894200,ALK
2017-04-20,87.6,88.64,87.2,88.37,797700,ALK
2017-04-21,88.45,89.31,88.11,89.11,1147000,ALK
2017-04-24,90.75,91.43,90.07,90.68,1342000,ALK
2017-04-25,91.0,91.905,90.69,91.42,1615500,ALK
2017-04-26,90.35,91.95,88.18,88.25,2385800,ALK
2017-04-27,86.18,86.34,83.76,84.93,3162800,ALK
2017-04-28,84.98,85.69,84.8,85.09,1172500,ALK
2017-05-01,85.34,85.62,84.41,84.42,1117100,ALK
2017-05-02,84.4,86.69,84.39,86.49,1680000,ALK
2017-05-03,86.4,86.83,85.54,86.6,1178600,ALK
2017-05-04,86.68,87.31,84.96,85.43,1256900,ALK
2017-05-05,85.72,85.831,84.63,85.24,947200,ALK
2017-05-08,85.27,85.44,83.44,83.53,2579300,ALK
2017-05-09,84.23,84.6,83.22,84.21,1635400,ALK
2017-05-10,84.0723,84.42,83.11,83.19,1282100,ALK
2017-05-11,83.15,83.91,82.37,83.65,1804300,ALK
2017-05-12,83.45,84.325,83.37,83.59,1533500,ALK
2017-05-15,84.31,85.88,84.31,84.87,1494000,ALK
2017-05-16,85.22,85.22,83.82,84.73,1601900,ALK
2017-05-17,84.0,84.26,82.137,82.19,1246200,ALK
2017-05-18,82.12,83.55,82.03,83.04,1179100,ALK
2017-05-19,83.17,84.99,82.96,84.57,1201100,ALK
2017-05-22,84.85,85.78,84.71,85.28,847800,ALK
2017-05-23,85.24,86.41,84.45,85.78,1540200,ALK
2017-05-24,85.85,86.53,84.46,84.54,1320700,ALK
2017-05-25,84.75,86.8,84.51,86.58,1595000,ALK
2017-05-26,86.42,87.34,85.86,86.62,1325200,ALK
2017-05-30,86.13,86.83,85.71,85.81,1412300,ALK
2017-05-31,86.15,87.341,85.58,87.05,1412100,ALK
2017-06-01,87.26,88.55,87.04,88.23,1273700,ALK
2017-06-02,88.61,90.18,88.56,89.31,1481500,ALK
2017-06-05,89.13,89.66,88.68,89.3,1275500,ALK
2017-06-06,88.69,90.3559,88.55,89.2,1268600,ALK
2017-06-07,89.4,92.1934,88.77,91.69,1649900,ALK
2017-06-08,91.81,91.98,90.25,90.54,1888500,ALK
2017-06-09,90.78,91.28,89.72,89.93,1291500,ALK
2017-06-12,89.75,89.75,87.6766,89.04,817400,ALK
2017-06-13,89.43,89.93,87.84,88.91,1032600,ALK
2017-06-14,88.83,89.68,88.2,89.17,643300,ALK
2017-06-15,88.6668,88.69,87.09,88.41,814700,ALK
2017-06-16,88.3351,89.01,88.07,88.74,1218500,ALK
2017-06-19,89.34,90.82,88.97,90.77,760100,ALK
2017-06-20,90.77,90.989,89.32,89.39,769200,ALK
2017-06-21,90.01,91.035,89.55,90.83,824900,ALK
2017-06-22,91.7,91.95,90.29,91.02,917700,ALK
2017-06-23,91.09,92.16,90.907,91.63,1355100,ALK
2017-06-26,92.0243,93.16,90.83,90.87,737200,ALK
2017-06-27,90.49,90.85,88.9,88.92,1211200,ALK
2017-06-28,89.51,89.825,88.337,88.41,1214000,ALK
2017-06-29,88.73,89.65,88.29,89.1,1019100,ALK
2017-06-30,89.4,90.307,88.83,89.76,1234000,ALK
2017-07-03,90.27,90.93,89.9,90.22,543200,ALK
2017-07-05,90.48,92.37,90.12,91.28,1061700,ALK
2017-07-06,91.0,92.105,90.237,91.4,1091000,ALK
2017-07-07,91.68,93.98,91.61,93.89,1127100,ALK
2017-07-10,93.06,93.78,92.81,92.94,1296600,ALK
2017-07-11,92.66,93.24,91.52,91.57,1092900,ALK
2017-07-12,92.5,94.75,92.21,94.63,1176800,ALK
2017-07-13,94.29,95.7478,93.72,93.74,1116500,ALK
2017-07-14,94.0,94.19,92.44,92.63,911800,ALK
2017-07-17,92.71,93.0,91.84,92.08,965100,ALK
2017-07-18,91.75,91.92,90.53,90.75,948900,ALK
2017-07-19,90.55,90.84,89.6528,90.27,1027500,ALK
2017-07-20,90.26,90.26,88.91,89.1,997600,ALK
2017-07-21,88.89,89.18,88.08,88.25,942800,ALK
2017-07-24,88.19,88.24,86.96,87.01,882700,ALK
2017-07-25,87.55,88.335,86.93,87.13,1162100,ALK
2017-07-26,85.28,88.74,83.41,87.72,2873800,ALK
2017-07-27,87.02,88.45,84.64,87.98,2459600,ALK
2017-07-28,87.58,87.99,85.47,86.32,1725400,ALK
2017-07-31,86.54,86.57,85.18,85.23,1253500,ALK
2017-08-01,85.9,87.17,84.91,85.51,1569300,ALK
2017-08-02,85.39,85.97,84.98,85.64,989700,ALK
2017-08-03,85.41,86.04,84.42,84.99,979100,ALK
2017-08-04,85.22,85.95,84.76,85.87,821400,ALK
2017-08-07,86.15,86.6785,85.81,86.0,838600,ALK
2017-08-08,85.85,86.92,85.02,85.15,972300,ALK
2017-08-09,84.87,84.9054,83.82,84.34,837800,ALK
2017-08-10,83.99,84.24,83.13,83.79,1099400,ALK
2017-08-11,83.61,84.96,83.3,84.47,1136900,ALK
2017-08-14,85.39,85.7,83.9,85.09,1127900,ALK
2017-08-15,84.79,85.1,83.16,83.91,1573700,ALK
2017-08-16,84.09,85.14,81.93,83.81,1191700,ALK
2017-08-17,83.71,83.99,79.93,80.02,1358800,ALK
2017-08-18,79.7651,80.01,78.44,78.45,1649900,ALK
2017-08-21,78.5008,79.195,77.82,77.98,1178200,ALK
2017-08-22,78.23,78.62,76.71,77.11,1305200,ALK
2017-08-23,77.11,77.1065,74.8,74.91,1577300,ALK
2017-08-24,75.18,75.184,73.29,73.52,1933600,ALK
2017-08-25,73.91,76.0,73.91,75.53,1675300,ALK
2017-08-28,75.68,75.68,74.21,74.31,1584600,ALK
2017-08-29,73.8627,74.5,73.55,74.38,1163600,ALK
2017-08-30,74.3,74.415,73.4,74.13,919900,ALK
2017-08-31,74.51,75.23,74.39,74.66,999700,ALK
2017-09-01,75.1,75.65,74.5895,75.15,1070700,ALK
2017-09-05,74.5703,74.645,72.78,73.05,1616500,ALK
2017-09-06,72.46,73.87,71.7,73.68,2524000,ALK
2017-09-07,74.08,74.95,73.0302,73.16,2114900,ALK
2017-09-08,73.01,74.66,72.95,74.3,1201000,ALK
2017-09-11,74.95,75.79,74.83,75.59,1832200,ALK
2017-09-12,75.77,76.41,75.15,76.32,1197800,ALK
2017-09-13,76.57,76.57,75.21,76.21,1131900,ALK
2017-09-14,76.78,78.4371,76.75,77.49,2500100,ALK
2017-09-15,76.86,76.98,75.02,75.28,2224700,ALK
2017-09-18,75.13,75.26,72.7211,73.07,2334400,ALK
2017-09-19,73.08,73.77,71.81,72.24,2148600,ALK
2017-09-20,72.46,73.64,71.932,73.0,1452300,ALK
2017-09-21,73.12,73.385,71.17,72.91,2426400,ALK
2017-09-22,72.85,74.92,72.55,74.75,1717700,ALK
2017-09-25,74.75,75.36,74.1934,74.79,1489600,ALK
2017-09-26,75.5,76.27,74.8047,74.96,1281500,ALK
2017-09-27,75.31,75.575,74.29,75.1,1304000,ALK
2017-09-28,74.97,76.0964,74.67,75.87,1271100,ALK
2017-09-29,76.0,76.59,75.94,76.27,1032100,ALK
2017-10-02,76.3,77.25,76.21,77.03,1353800,ALK
2017-10-03,77.07,80.2,77.05,80.15,1936600,ALK
2017-10-04,80.75,82.5,80.27,80.84,2358700,ALK
2017-10-05,80.75,80.83,78.88,79.75,1474600,ALK
2017-10-06,79.34,80.89,79.18,80.56,1549400,ALK
2017-10-09,80.6,80.881,79.87,80.41,1031200,ALK
2017-10-10,81.32,82.68,80.465,80.68,2428100,ALK
2017-10-11,80.83,81.73,80.68,81.52,1194000,ALK
2017-10-12,80.82,80.93,79.13,80.4,2528200,ALK
2017-10-13,80.4,81.22,80.09,80.96,1325600,ALK
2017-10-16,80.69,81.0,79.67,80.47,1416600,ALK
2017-10-17,80.75,81.77,80.04,80.52,1150800,ALK
2017-10-18,80.6,80.928,80.33,80.43,690900,ALK
2017-10-19,79.68,80.17,77.4,78.83,1846600,ALK
2017-10-20,79.11,80.17,78.72,79.69,1213600,ALK
2017-10-23,79.8841,79.89,78.62,78.74,814400,ALK
2017-10-24,78.25,79.52,77.68,79.39,1401200,ALK
2017-10-25,76.3,78.0,68.1,68.92,8088500,ALK
2017-10-26,69.37,70.46,65.26,65.38,6049300,ALK
2017-10-27,65.86,67.14,64.77,66.58,4118400,ALK
2017-10-30,66.1,66.87,65.16,66.46,1809300,ALK
2017-10-31,66.4,66.77,65.1966,66.03,2471200,ALK
2017-11-01,65.65,66.02,64.71,65.78,2366500,ALK
2017-11-02,65.83,66.12,63.56,63.65,3153300,ALK
2017-11-03,63.59,63.92,62.65,63.65,1669100,ALK
2017-11-06,63.34,64.7167,63.297,63.94,1385600,ALK
2017-11-07,64.08,64.14,62.17,62.2,1749800,ALK
2017-11-08,62.05,62.481,61.36,62.08,2022900,ALK
2017-11-09,61.94,62.42,61.65,62.38,1577900,ALK
2017-11-10,62.17,63.0,61.99,62.42,1672200,ALK
2017-11-13,62.14,62.37,61.38,61.72,1546100,ALK
2017-11-14,61.56,61.94,61.4503,61.68,1670300,ALK
2017-11-15,62.33,64.78,61.1,64.44,2797300,ALK
2017-11-16,65.33,66.4,64.8,65.87,2483600,ALK
2017-11-17,65.77,67.04,65.37,66.4,1819100,ALK
2017-11-20,66.04,66.2074,64.99,66.1,1897100,ALK
2017-11-21,66.22,66.399,65.07,66.19,1416600,ALK
2017-11-22,66.24,66.525,65.2017,65.58,1559300,ALK
2017-11-24,65.79,65.79,64.88,65.4,452400,ALK
2017-11-27,65.45,65.77,64.971,65.36,1254400,ALK
2017-11-28,65.42,67.41,65.23,67.29,1605500,ALK
2017-11-29,67.2925,70.51,67.28,69.11,2883700,ALK
2017-11-30,69.5013,70.16,68.62,69.17,1981000,ALK
2017-12-01,69.1,69.365,66.5,66.91,2765300,ALK
2017-12-04,67.5,69.54,67.5,68.28,3425200,ALK
2017-12-05,68.38,68.85,67.5912,68.1,1862800,ALK
2017-12-06,67.85,68.91,67.595,67.83,1198700,ALK
2017-12-07,67.51,69.39,67.51,69.37,1395100,ALK
2017-12-08,69.71,70.57,69.6,69.74,1073400,ALK
2017-12-11,69.77,70.27,69.408,69.72,917900,ALK
2017-12-12,70.3805,70.97,69.76,69.8,2043100,ALK
2017-12-13,69.84,69.9715,68.75,69.02,1633800,ALK
2017-12-14,69.35,70.33,69.0,69.39,1148100,ALK
2017-12-15,69.62,71.86,69.61,70.83,2635200,ALK
2017-12-18,72.37,73.78,71.895,73.56,2392300,ALK
2017-12-19,73.87,73.89,71.9,73.19,2119200,ALK
2017-12-20,73.38,74.1,72.8,73.77,1510300,ALK
2017-12-21,74.0,76.058,74.0,74.69,2020500,ALK
2017-12-22,74.69,74.92,73.97,74.28,1246700,ALK
2017-12-26,74.25,75.07,74.12,74.84,869500,ALK
2017-12-27,74.96,74.96,73.96,74.37,939300,ALK
2017-12-28,74.58,74.72,73.55,74.57,901700,ALK
2017-12-29,74.67,74.848,73.47,73.51,1038100,ALK
2018-01-02,74.04,75.12,73.82,75.01,1738000,ALK
2018-01-03,75.08,75.1,73.685,74.66,1653000,ALK
2018-01-04,74.79,75.0793,72.82,73.85,1343900,ALK
2018-01-05,74.26,74.26,73.46,73.74,1087600,ALK
2018-01-08,73.74,73.74,72.213,72.75,1339900,ALK
2018-01-09,72.1,72.53,71.2,71.29,2398000,ALK
2018-01-10,70.37,72.42,69.9964,72.05,1797700,ALK
2018-01-11,72.73,75.46,72.6,74.81,2401800,ALK
2018-01-12,75.0,75.14,73.07,73.52,2946900,ALK
2018-01-16,73.7,74.04,71.16,71.28,2360500,ALK
2018-01-17,71.67,72.53,70.74,70.82,2275400,ALK
2018-01-18,70.99,71.11,69.76,69.79,1979900,ALK
2018-01-19,70.3,70.315,68.35,68.88,3372500,ALK
2018-01-22,68.75,69.17,67.06,68.55,3007400,ALK
2018-01-23,68.56,69.995,68.44,69.47,2557600,ALK
2018-01-24,66.2,66.57,64.51,64.69,6209000,ALK
2018-01-25,62.31,63.53,59.25,62.07,10476000,ALK
2018-01-26,62.25,64.592,61.51,64.54,3973900,ALK
2018-01-29,64.26,65.9244,64.15,65.48,3702700,ALK
2018-01-30,64.24,65.03,63.767,64.2,2677600,ALK
2018-01-31,64.38,67.03,64.38,65.73,3643100,ALK
2018-02-01,65.54,65.85,64.0405,64.08,2492800,ALK
2018-02-02,65.2,65.88,64.02,64.56,5700900,ALK
2018-02-05,63.86,65.09,62.71,62.74,5581600,ALK
2018-02-06,62.24,63.6503,61.08,63.19,4789400,ALK
2018-02-07,63.14,64.96,63.04,64.23,2025500,ALK
2018-02-08,64.25,65.23,63.82,64.04,4271900,ALK
2018-02-09,64.6692,65.23,63.64,64.72,5140000,ALK
2018-02-12,65.11,66.79,64.95,66.01,3346500,ALK
2018-02-13,65.4499,67.18,65.25,66.89,2906800,ALK
2018-02-14,66.6,67.5,65.72,66.76,2385900,ALK
2018-02-15,66.68,67.27,64.77,66.17,3555100,ALK
2018-02-16,65.83,66.34,64.82,64.97,1860500,ALK
2018-02-20,64.94,65.0,63.9894,64.39,1540800,ALK
2018-02-21,64.5,66.61,64.36,64.69,2239100,ALK
2018-02-22,65.14,65.7,64.03,64.17,1246400,ALK
2018-02-23,64.45,65.17,63.94,64.98,1366000,ALK
2018-02-26,65.4603,66.31,64.44,66.15,1631300,ALK
2018-02-27,66.24,66.635,64.8,64.89,1512900,ALK
2018-02-28,65.03,65.459,64.25,64.5,1130300,ALK
2018-03-01,64.29,66.07,63.85,64.65,2447800,ALK
2018-03-02,64.0,64.355,62.42,63.38,2071200,ALK
2018-03-05,63.05,64.16,62.52,63.62,2347000,ALK
2018-03-06,63.75,64.45,63.22,64.3,1378900,ALK
2018-03-07,63.88,64.4155,63.53,64.0,1290500,ALK
2018-03-08,64.23,65.47,64.03,64.8,1482800,ALK
2018-03-09,65.1,65.296,63.82,64.8,3008400,ALK
2018-03-12,64.99,66.04,64.39,65.78,3380100,ALK
2018-03-13,65.87,68.85,65.87,68.79,3274200,ALK
2018-03-14,68.54,69.16,65.5,65.67,2518000,ALK
2018-03-15,65.89,66.34,65.5,65.92,1124800,ALK
2018-03-16,66.16,67.22,66.12,66.51,1495600,ALK
2018-03-19,66.31,66.57,64.65,65.1,1272900,ALK
2018-03-20,65.39,65.43,64.59,65.19,1003400,ALK
2018-03-21,63.99,64.56,62.95,64.21,2270400,ALK
2018-03-22,63.72,64.4,62.73,62.82,1692500,ALK
2018-03-23,62.67,63.3,61.81,61.88,1422900,ALK
2018-03-26,62.22,62.5,61.39,62.16,1449300,ALK
2018-03-27,62.43,62.59,61.1988,61.49,2192300,ALK
2018-03-28,61.49,62.04,61.25,61.57,1788500,ALK
2018-03-29,61.65,62.345,61.5,61.96,2232200,ALK
2018-04-02,61.6639,61.67,57.6,57.75,3570500,ALK
2018-04-03,58.46,60.24,57.6,60.11,4137900,ALK
2018-04-04,59.54,61.31,59.01,61.22,2019000,ALK
2018-04-05,61.51,62.34,61.21,62.11,1448600,ALK
2018-04-06,61.73,62.02,60.31,60.77,2201100,ALK
2018-04-09,60.99,61.319,59.7,59.81,1561200,ALK
2018-04-10,60.38,60.55,58.67,59.85,1813900,ALK
2018-04-11,59.47,60.2154,59.03,59.06,1551300,ALK
2018-04-12,59.57,60.74,59.313,60.27,1515800,ALK
2018-04-13,61.02,65.1,60.93,63.95,4581000,ALK
2018-04-16,64.6,65.68,64.3,65.21,2808900,ALK
2018-04-17,65.67,66.17,64.66,64.99,1580100,ALK
2018-04-18,65.64,66.89,65.16,65.97,2212500,ALK
2018-04-19,65.94,66.01,64.61,65.52,1434300,ALK
2018-04-20,65.69,66.14,65.01,65.39,1755100,ALK
2018-04-23,67.34,70.25,66.89,69.11,6424600,ALK
2018-04-24,68.41,68.6003,64.46,65.26,3480400,ALK
2018-04-25,65.26,66.6093,64.33,66.39,2328000,ALK
2018-04-26,65.79,66.4488,64.76,65.9,2188000,ALK
2018-04-27,65.89,67.0652,65.829,66.02,1628500,ALK
2018-04-30,66.17,66.47,64.5,64.93,1330000,ALK
2018-05-01,65.06,65.64,64.4,65.44,1119600,ALK
2018-05-02,65.01,65.71,63.3323,63.39,3762100,ALK
2018-05-03,63.25,63.82,62.11,62.92,2706000,ALK
2018-05-04,62.48,62.91,61.95,62.8,2741500,ALK
2018-05-07,62.79,62.8,61.18,61.65,2064000,ALK
2018-05-08,61.58,62.31,61.02,61.63,2308900,ALK
2018-05-09,61.54,61.79,60.2939,60.39,3331100,ALK
2018-05-10,60.6534,60.79,59.86,60.56,2548900,ALK
2018-05-11,60.6,60.91,60.0592,60.53,1456200,ALK
2018-05-14,60.41,60.71,59.45,60.05,2433300,ALK
2018-05-15,59.9,60.16,58.705,58.75,2713500,ALK
2018-05-16,58.7,59.8,57.83,59.1,2762000,ALK
2018-05-17,59.16,59.78,58.4665,58.6,1457400,ALK
2018-05-18,58.46,58.7,58.01,58.21,1253900,ALK
2018-05-21,58.28,58.85,57.53,57.94,2016700,ALK
2018-05-22,58.12,58.55,58.01,58.18,1647000,ALK
2018-05-23,58.03,58.45,57.65,58.42,1547300,ALK
2018-05-24,58.5,60.1,58.28,59.87,2145200,ALK
2018-05-25,60.1,62.6737,59.91,61.87,2630500,ALK
2018-05-29,61.26,61.648,60.17,60.57,1799700,ALK
2018-05-30,60.64,60.87,59.31,60.28,2424500,ALK
2018-05-31,60.35,61.3984,60.17,60.81,1871600,ALK
2018-06-01,61.0,61.58,60.4615,60.86,1618800,ALK
2018-06-04,61.84,62.4605,61.29,61.82,5296000,ALK
2018-06-05,61.51,61.89,60.82,61.24,2814100,ALK
2018-06-06,60.74,62.16,60.4,62.01,1760800,ALK
2018-06-07,62.1,62.67,61.8989,62.17,2570300,ALK
2018-06-08,62.07,62.55,61.55,62.33,1438700,ALK
2018-06-11,62.39,63.24,62.14,62.87,2155400,ALK
2018-06-12,62.74,63.2099,61.94,62.28,2327300,ALK
2018-06-13,62.26,62.2622,61.211,61.64,2543400,ALK
2018-06-14,61.96,63.29,61.73,62.5,2403200,ALK
2018-06-15,62.06,63.66,61.75,63.04,2856500,ALK
2018-06-18,62.52,62.87,61.53,62.77,1433500,ALK
2018-06-19,62.24,62.94,62.2,62.47,1714200,ALK
2018-06-20,62.6,63.55,62.5983,63.2,1359800,ALK
2018-06-21,63.3,64.75,63.22,64.05,1707900,ALK
2018-06-22,63.55,64.86,62.73,62.91,1637000,ALK
2018-06-25,62.59,62.899,61.367,61.74,970500,ALK
2018-06-26,61.94,61.955,60.595,60.63,1112300,ALK
2018-06-27,60.63,60.69,59.67,60.01,1873300,ALK
2018-06-28,60.0432,60.53,59.53,60.33,1418500,ALK
2018-06-29,60.39,61.37,60.37,60.39,1126700,ALK
2018-07-02,60.17,61.28,59.43,61.18,1284100,ALK
2018-07-03,61.25,62.29,60.74,61.67,1669100,ALK
2018-07-05,61.91,62.35,61.8,62.14,1841400,ALK
2018-07-06,61.99,62.43,61.53,62.34,832600,ALK
2018-07-09,62.48,63.86,62.36,63.49,1499400,ALK
2018-07-10,63.47,63.47,62.015,62.89,1392600,ALK
2018-07-11,61.57,61.815,59.87,60.19,2632600,ALK
2018-07-12,60.8323,61.35,59.85,60.86,1443300,ALK
2018-07-13,60.82,61.57,60.72,61.43,1057500,ALK
2018-07-16,61.49,62.07,61.1704,61.41,1240300,ALK
2018-07-17,61.41,62.51,61.351,61.8,1239400,ALK
2018-07-18,62.53,64.5,62.53,63.19,2548100,ALK
2018-07-19,63.29,63.96,62.94,63.79,1335000,ALK
2018-07-20,63.41,63.46,60.575,60.63,3030100,ALK
2018-07-23,60.5,61.6,60.26,61.54,1926800,ALK
2018-07-24,61.46,61.51,58.83,59.01,2931200,ALK
2018-07-25,59.2118,59.63,58.21,59.11,3050800,ALK
2018-07-26,58.0,64.87,57.9684,64.76,6391700,ALK
2018-07-27,64.24,65.76,63.09,63.65,2802800,ALK
2018-07-30,62.5,63.2408,61.18,62.38,1707000,ALK
2018-07-31,62.45,63.51,62.37,62.83,1454200,ALK
2018-08-01,62.55,62.9,60.885,61.08,2044100,ALK
2018-08-02,60.5516,61.87,60.04,61.6,1853500,ALK
2018-08-03,61.84,63.08,61.83,62.8,1378500,ALK
2018-08-06,62.5782,63.41,62.086,63.12,1170700,ALK
2018-08-07,63.52,64.46,63.25,63.86,1197200,ALK
2018-08-08,64.18,64.64,63.834,64.15,1095700,ALK
2018-08-09,64.24,64.48,63.71,63.75,739100,ALK
2018-08-10,63.5559,63.56,62.57,63.23,973000,ALK
2018-08-13,63.0,63.02,61.31,61.89,1178700,ALK
2018-08-14,62.0,63.32,62.0,62.75,580800,ALK
2018-08-15,62.67,63.84,62.29,63.74,977300,ALK
2018-08-16,63.9,65.386,63.83,64.31,2064900,ALK
2018-08-17,64.51,65.435,64.37,65.0,1592400,ALK
2018-08-20,64.8,67.0147,64.8,66.84,1489200,ALK
2018-08-21,66.96,67.69,66.58,66.59,1156200,ALK
2018-08-22,66.22,66.47,64.733,64.9,1042700,ALK
2018-08-23,64.98,65.32,64.59,64.7,865200,ALK
2018-08-24,64.67,64.97,63.95,64.83,1171100,ALK
2018-08-27,65.0,65.7586,64.995,65.68,1429400,ALK
2018-08-28,65.86,67.67,65.77,66.91,2105400,ALK
2018-08-29,66.62,67.51,66.11,67.37,1039100,ALK
2018-08-30,67.43,68.09,66.94,67.19,1333300,ALK
2018-08-31,67.24,67.57,66.92,67.49,767200,ALK
2018-09-04,67.68,68.32,66.94,67.87,1567100,ALK
2018-09-05,68.0985,69.04,67.53,68.38,2046500,ALK
2018-09-06,68.3,68.56,66.77,67.04,1019200,ALK
2018-09-07,66.81,67.71,66.44,66.88,1026000,ALK
2018-09-10,67.24,68.57,66.7096,68.15,867700,ALK
2018-09-11,68.0,69.32,67.74,68.97,1498700,ALK
2018-09-12,69.15,69.31,67.5752,67.76,1029300,ALK
2018-09-13,68.0,68.72,67.82,68.42,858100,ALK
2018-09-14,68.23,69.05,67.921,68.91,910700,ALK
2018-09-17,68.8,69.875,68.8,69.28,1265200,ALK
2018-09-18,69.14,69.69,68.15,69.24,1164200,ALK
2018-09-19,69.51,70.44,69.43,69.68,890100,ALK
2018-09-20,70.0,70.41,68.97,69.75,1008500,ALK
2018-09-21,69.88,70.75,69.75,70.08,1735400,ALK
2018-09-24,69.35,69.99,66.75,67.29,1436200,ALK
2018-09-25,67.42,67.87,66.07,66.15,2251300,ALK
2018-09-26,66.57,67.66,66.22,67.12,1326900,ALK
2018-09-27,68.34,70.0,68.21,68.98,2563000,ALK
2018-09-28,68.81,69.19,68.06,68.86,1397800,ALK
2018-10-01,68.71,69.14,67.405,67.76,1728900,ALK
2018-10-02,67.45,67.79,65.82,66.26,2153000,ALK
2018-10-03,66.69,66.87,65.95,66.69,2126500,ALK
2018-10-04,66.67,67.11,66.13,66.82,1243200,ALK
2018-10-05,66.59,66.88,65.9,66.08,1110100,ALK
2018-10-08,65.85,66.09,64.7,65.31,1933100,ALK
2018-10-09,64.57,65.02,62.36,62.61,3395100,ALK
2018-10-10,62.16,62.56,60.17,60.23,2617100,ALK
2018-10-11,60.74,61.56,59.63,59.81,2602200,ALK
2018-10-12,61.5,63.15,60.86,61.57,3094600,ALK
2018-10-15,61.7026,62.42,61.245,61.86,1375400,ALK
2018-10-16,61.94,64.02,61.58,63.86,1369800,ALK
2018-10-17,64.84,65.99,63.91,64.49,1688500,ALK
2018-10-18,64.28,64.31,62.1,62.37,1712400,ALK
2018-10-19,62.36,62.9088,61.87,62.58,1195900,ALK
2018-10-22,62.88,63.76,62.49,63.54,985300,ALK
2018-10-23,62.55,63.2,61.33,62.99,2098500,ALK
2018-10-24,63.1331,63.54,60.86,61.11,2290600,ALK
2018-10-25,61.45,63.972,59.55,63.06,2672000,ALK
2018-10-26,61.8825,62.8,60.215,61.47,1802800,ALK
2018-10-29,62.07,63.142,60.2398,61.0,1086000,ALK
2018-10-30,60.9992,63.41,60.885,63.24,1252200,ALK
2018-10-31,64.0,64.26,61.35,61.42,1821700,ALK
2018-11-01,61.72,63.96,61.72,63.69,1400100,ALK
2018-11-02,64.12,65.3,63.3526,63.88,1686000,ALK
2018-11-05,63.85,64.36,63.28,63.9,1629800,ALK
2018-11-06,63.8,64.76,63.29,64.6,1154400,ALK
2018-11-07,64.83,66.91,64.83,66.19,1106200,ALK
2018-11-08,65.97,66.459,65.31,65.71,991100,ALK
2018-11-09,65.58,66.66,65.24,65.97,1046400,ALK
2018-11-12,66.01,66.74,65.05,65.76,982900,ALK
2018-11-13,66.28,67.98,66.28,67.58,1337400,ALK
2018-11-14,67.96,68.45,66.91,67.21,1030200,ALK
2018-11-15,67.08,67.88,66.273,67.71,933900,ALK
2018-11-16,67.22,68.23,66.71,67.99,902800,ALK
2018-11-19,67.75,68.65,67.009,67.3,1033600,ALK
2018-11-20,66.75,68.13,66.3063,67.02,1415200,ALK
2018-11-21,67.48,69.9993,67.365,68.52,1182200,ALK
2018-11-23,68.77,69.72,68.48,69.41,900200,ALK
2018-11-26,69.86,70.35,68.45,68.9,1786100,ALK
2018-11-27,69.1929,71.66,68.825,70.75,3108900,ALK
2018-11-28,72.3702,74.76,71.68,74.74,3739100,ALK
2018-11-29,74.4974,74.83,72.88,72.94,2557000,ALK
2018-11-30,73.37,73.793,72.2,73.26,3025500,ALK
2018-12-03,73.88,74.57,72.64,72.84,2803500,ALK
2018-12-04,71.75,72.51,69.17,70.03,4564200,ALK
2018-12-06,69.49,70.03,68.82,69.61,2716000,ALK
2018-12-07,68.81,69.219,64.43,64.94,2372500,ALK
2018-12-10,64.94,65.62,62.8727,63.48,2470800,ALK
2018-12-11,64.2,64.36,62.23,62.43,2137900,ALK
2018-12-12,63.04,63.28,61.65,62.02,2916100,ALK
2018-12-13,62.08,62.5,61.2,61.34,3666500,ALK
2018-12-14,60.62,63.57,60.5,62.3,2354100,ALK
2018-12-17,62.09,62.54,60.921,61.29,1449800,ALK
2018-12-18,62.32,63.19,62.08,62.66,1742800,ALK
2018-12-19,62.7515,63.5,61.432,62.03,1364900,ALK
2018-12-20,61.5,61.99,59.37,60.68,2026400,ALK
2018-12-21,60.764,61.58,59.15,59.34,2229400,ALK
2018-12-24,58.79,59.0,57.42,57.58,857800,ALK
2018-12-26,57.9813,60.8,57.66,60.79,1474200,ALK
2018-12-27,60.09,60.74,58.52,60.74,1084600,ALK
2018-12-28,60.91,61.62,59.54,60.31,1351500,ALK
2018-12-31,60.54,61.3,60.03,60.85,1564100,ALK
2019-01-02,59.93,61.9062,59.31,61.52,1296400,ALK
2019-01-03,60.2983,60.3,57.28,58.12,2421400,ALK
2019-01-04,58.9469,60.65,58.67,60.0,2309900,ALK
2019-01-07,60.3,60.855,59.57,60.12,1552300,ALK
2019-01-08,61.03,61.3,60.24,60.65,1128000,ALK
2019-01-09,60.5913,62.62,60.42,62.18,1345900,ALK
2019-01-10,61.4,63.49,59.465,63.4,1694100,ALK
2019-01-11,63.0,64.37,62.7,64.14,1370200,ALK
2019-01-14,63.39,64.977,62.64,64.36,1986000,ALK
2019-01-15,64.81,65.8,63.88,64.28,1308200,ALK
2019-01-16,65.44,65.839,64.86,64.9,1261400,ALK
2019-01-17,64.85,65.34,64.13,64.42,1404900,ALK
2019-01-18,64.84,64.97,64.18,64.86,1569800,ALK
2019-01-22,64.79,65.14,63.585,63.96,1094000,ALK
2019-01-23,64.32,64.7,63.18,63.71,1121100,ALK
2019-01-24,65.72,66.6,65.38,65.78,1984600,ALK
2019-01-25,64.24,64.93,62.52,63.48,3485700,ALK
2019-01-28,63.01,65.3,63.01,64.53,1627400,ALK
2019-01-29,64.5,64.989,63.77,64.56,1480900,ALK
2019-01-30,64.82,65.43,63.86,64.66,1601700,ALK
2019-01-31,64.49,64.71,63.2,63.95,1650100,ALK
2019-02-01,64.17,65.2,63.56,64.36,1105200,ALK
2019-02-04,64.64,64.81,63.45,64.48,1036600,ALK
2019-02-05,64.6,65.23,64.3618,64.74,975800,ALK
2019-02-06,64.35,64.82,63.85,64.82,909100,ALK
2019-02-07,64.66,65.29,64.42,65.23,958400,ALK
2019-02-08,64.7,65.28,64.1,65.27,723900,ALK
2019-02-11,65.444,66.46,65.4,66.3,1050300,ALK
2019-02-12,66.6,67.6336,66.3,66.69,1588100,ALK
2019-02-13,66.95,67.469,66.56,66.7,868600,ALK
2019-02-14,66.41,67.07,65.68,66.57,741500,ALK
2019-02-15,66.92,67.12,66.09,66.32,837800,ALK
2019-02-19,65.86,66.17,64.53,64.56,2073300,ALK
2019-02-20,63.7487,64.4,63.235,63.34,2483400,ALK
2019-02-21,63.44,64.04,62.505,62.86,1524900,ALK
2019-02-22,62.8607,63.09,62.11,62.4,1617800,ALK
2019-02-25,62.8,63.38,62.56,62.75,1123200,ALK
2019-02-26,62.7385,63.56,62.65,62.94,969600,ALK
2019-02-27,62.6,62.69,61.21,61.98,1523300,ALK
2019-02-28,61.98,62.13,60.97,61.7,1158500,ALK
2019-03-01,61.86,62.02,60.27,61.31,1952600,ALK
2019-03-04,61.24,61.34,59.22,59.5,1856200,ALK
2019-03-05,59.76,59.77,57.62,57.78,3691900,ALK
2019-03-06,57.9,57.923,55.83,55.83,4119000,ALK
2019-03-07,55.72,56.25,55.2,55.95,4077000,ALK
2019-03-08,55.38,55.92,54.95,55.62,2833800,ALK
2019-03-11,55.35,55.975,54.6,55.42,2414300,ALK
2019-03-12,55.44,55.44,53.7,54.09,4293900,ALK
2019-03-13,54.58,56.18,54.4346,56.03,3544400,ALK
2019-03-14,56.16,56.72,55.26,55.49,2204300,ALK
2019-03-15,55.58,56.06,55.455,55.76,2798600,ALK
2019-03-18,55.73,56.095,55.22,55.81,1351500,ALK
2019-03-19,55.99,56.9,55.92,56.11,1478400,ALK
2019-03-20,56.0,56.19,54.88,55.19,1649300,ALK
2019-03-21,55.02,55.565,55.02,55.22,1544700,ALK
2019-03-22,55.08,55.38,54.24,54.25,1550500,ALK
2019-03-25,54.09,54.385,53.389,53.6,1435100,ALK
2019-03-26,53.93,54.49,53.53,53.91,1323900,ALK
2019-03-27,53.99,55.3,53.8001,54.99,1873300,ALK
2019-03-28,55.17,55.38,54.73,55.17,1118000,ALK
2019-03-29,55.47,56.25,55.28,56.12,1521600,ALK
2019-04-01,56.3,57.89,56.113,57.32,1950700,ALK
2019-04-02,58.1903,58.52,57.12,58.14,1563400,ALK
2019-04-03,58.64,59.06,57.72,57.79,1923000,ALK
2019-04-04,57.94,58.39,57.13,57.82,1055800,ALK
2019-04-05,57.99,58.85,57.9915,58.54,1010800,ALK
2019-04-08,58.19,58.63,57.82,58.33,988700,ALK
2019-04-09,58.01,58.31,57.54,57.84,1026700,ALK
2019-04-10,58.66,59.04,57.72,58.78,1838400,ALK
2019-04-11,58.92,60.57,58.86,59.71,2174200,ALK
2019-04-12,60.39,61.0886,59.77,60.63,1988600,ALK
2019-04-15,60.82,60.82,59.82,60.06,1065800,ALK
2019-04-16,60.3,61.105,60.19,60.97,1040700,ALK
2019-04-17,61.87,62.1004,61.07,61.38,1156800,ALK
2019-04-18,61.29,61.75,60.7,61.67,976600,ALK
2019-04-22,61.16,61.2,60.045,60.3,2194100,ALK
2019-04-23,60.27,61.23,60.18,60.89,1118900,ALK
2019-04-24,60.99,61.55,60.28,60.8,985600,ALK
2019-04-25,60.79,61.25,58.25,59.17,1959900,ALK
2019-04-26,59.1,60.99,58.7,60.62,2519200,ALK
2019-04-29,60.3,60.98,60.15,60.54,1373200,ALK
2019-04-30,61.4185,62.38,61.175,61.9,1500400,ALK
2019-05-01,62.0,62.46,61.7155,62.07,1126300,ALK
2019-05-02,62.15,63.201,61.98,62.34,1166300,ALK
2019-05-03,62.35,63.261,62.35,62.48,702500,ALK
2019-05-06,61.37,62.29,61.15,62.19,716400,ALK
2019-05-07,61.71,61.71,60.25,61.09,944800,ALK
2019-05-08,60.8416,61.27,60.31,60.69,762200,ALK
2019-05-09,60.21,60.4,59.46,60.3,1097500,ALK
2019-05-10,60.21,61.42,59.3,61.27,862200,ALK
2019-05-13,60.01,60.18,59.22,60.13,939800,ALK
2019-05-14,60.28,61.67,60.08,61.38,989300,ALK
2019-05-15,60.79,61.79,60.5,61.49,1128600,ALK
2019-05-16,61.71,63.19,61.6,62.64,1353800,ALK
2019-05-17,61.94,63.2,61.68,62.39,870900,ALK
2019-05-20,61.5,62.4444,61.22,61.95,935300,ALK
2019-05-21,62.13,62.865,61.9,62.62,803700,ALK
2019-05-22,62.08,62.25,60.6,60.68,1308500,ALK
2019-05-23,60.23,61.45,59.41,61.36,1104800,ALK
2019-05-24,61.34,61.88,60.37,60.59,722500,ALK
2019-05-28,60.55,60.81,59.85,60.05,853300,ALK
2019-05-29,60.01,60.26,58.73,59.27,957900,ALK
2019-05-30,59.5,59.75,58.5,58.78,1240000,ALK
2019-05-31,58.15,58.46,57.82,58.2,812400,ALK
2019-06-03,58.01,59.3825,57.85,59.07,877500,ALK
2019-06-04,59.68,61.0,59.68,60.86,1197400,ALK
2019-06-05,61.46,61.82,61.21,61.61,1103100,ALK
2019-06-06,61.5078,61.7,60.29,60.95,618500,ALK
2019-06-07,61.0,61.53,60.49,60.53,984100,ALK
2019-06-10,60.88,61.8,60.57,60.64,815000,ALK
2019-06-11,61.0,61.28,60.53,60.76,645400,ALK
2019-06-12,60.92,61.383,60.52,60.96,593900,ALK
2019-06-13,61.01,62.33,61.01,62.16,916600,ALK
2019-06-14,62.3338,63.41,61.62,63.12,1236900,ALK
2019-06-17,63.2,63.2,62.49,62.52,916100,ALK
2019-06-18,62.7,63.63,62.51,62.94,673000,ALK
2019-06-19,63.17,63.22,62.38,62.86,589900,ALK
2019-06-20,63.25,63.3,60.32,60.72,2019300,ALK
2019-06-21,60.86,62.59,60.301,62.08,2177600,ALK
2019-06-24,62.23,62.67,61.91,62.42,936500,ALK
2019-06-25,62.3735,63.2,61.65,61.94,1388300,ALK
2019-06-26,61.85,62.23,61.42,61.91,646500,ALK
2019-06-27,62.15,63.4914,62.15,63.11,862600,ALK
2019-06-28,63.3,64.0,63.05,63.91,2179700,ALK
2019-07-01,64.1,64.6,62.9072,63.71,1121500,ALK
2019-07-02,64.2,64.53,63.08,63.09,1096800,ALK
2019-07-03,63.4156,64.69,63.3,63.84,759900,ALK
2019-07-05,63.7174,64.22,63.15,64.07,566800,ALK
2019-07-08,64.1621,64.91,64.08,64.68,1228500,ALK
2019-07-09,64.3,64.62,63.32,63.69,910700,ALK
2019-07-10,64.15,64.39,62.56,62.94,1197000,ALK
2019-07-11,63.2,63.55,62.42,63.31,982500,ALK
2019-07-12,63.56,64.61,63.33,64.24,958700,ALK
2019-07-15,64.14,64.58,63.25,63.36,946300,ALK
2019-07-16,63.36,65.62,63.3,65.41,1385000,ALK
2019-07-17,65.27,65.32,63.73,63.78,1179000,ALK
2019-07-18,63.75,64.42,63.34,64.36,1018800,ALK
2019-07-19,64.52,65.14,63.48,63.49,1143300,ALK
2019-07-22,63.76,64.2,62.86,62.87,1303700,ALK
2019-07-23,63.1,65.4,62.8314,65.1,1458400,ALK
2019-07-24,65.1,65.91,64.85,65.57,1007400,ALK
2019-07-25,64.73,65.57,63.3243,63.86,1599000,ALK
2019-07-26,64.22,65.22,64.08,64.92,1637800,ALK
2019-07-29,64.23,64.24,62.67,63.97,1397800,ALK
2019-07-30,63.69,64.56,63.49,64.01,812300,ALK
2019-07-31,63.98,64.5128,63.26,63.36,1171000,ALK
2019-08-01,63.57,64.25,62.9,63.14,1069500,ALK
2019-08-02,63.0,63.77,62.4355,63.27,1021100,ALK
2019-08-05,62.54,62.65,60.51,61.52,1208400,ALK
2019-08-06,61.97,62.66,61.84,62.47,797300,ALK
2019-08-07,62.12,63.37,61.56,63.11,749700,ALK
2019-08-08,63.47,64.67,63.435,64.53,769000,ALK
2019-08-09,64.16,64.79,63.9,63.93,746600,ALK
2019-08-12,63.43,63.43,61.36,62.11,1016700,ALK
2019-08-13,61.82,62.79,61.11,61.17,1160200,ALK
2019-08-14,60.6,60.99,58.33,59.23,1416600,ALK
2019-08-15,59.34,59.53,58.82,59.02,1223100,ALK
2019-08-16,59.31,60.51,58.82,60.36,952800,ALK
2019-08-19,60.68,61.51,60.48,60.59,903200,ALK
2019-08-20,60.31,60.34,59.51,60.11,740400,ALK
2019-08-21,60.39,60.64,59.67,59.81,1038900,ALK
2019-08-22,59.88,60.02,58.99,59.73,929300,ALK
2019-08-23,59.56,59.9,57.57,57.93,1180800,ALK
2019-08-26,58.44,58.85,57.73,58.38,1044900,ALK
2019-08-27,58.78,58.88,57.12,58.01,1455500,ALK
2019-08-28,57.79,59.04,57.71,58.74,728400,ALK
2019-08-29,59.33,60.17,59.06,59.96,788300,ALK
2019-08-30,60.13,60.34,59.37,59.72,842100,ALK
2019-09-03,59.43,60.51,59.43,60.43,1110600,ALK
2019-09-04,60.63,61.87,60.06,61.77,1067000,ALK
2019-09-05,62.18,63.92,62.06,63.39,1285700,ALK
2019-09-06,63.78,64.18,62.9,63.09,1034000,ALK
2019-09-09,63.08,65.05,62.65,64.77,951200,ALK
2019-09-10,65.01,65.48,64.51,64.99,723000,ALK
2019-09-11,64.98,65.9,64.32,65.83,787500,ALK
2019-09-12,65.79,66.47,65.3,65.68,668200,ALK
2019-09-13,66.28,66.52,65.82,65.87,588400,ALK
2019-09-16,64.0,65.84,63.64,64.66,1295200,ALK
2019-09-17,64.25,65.49,64.17,64.92,657000,ALK
2019-09-18,64.82,64.99,64.09,64.93,758600,ALK
2019-09-19,64.71,65.31,64.43,64.58,604500,ALK
2019-09-20,64.95,65.46,64.61,65.0,1249100,ALK
2019-09-23,64.73,65.21,64.42,64.64,598656,ALK
